filename,width,height,class,xmin,ymin,xmax,ymax
n02802426_100.JPEG,310,470,basketball,21,209,84,273
n02802426_10010.JPEG,460,366,basketball,305,218,365,278
n02802426_10017.JPEG,333,500,basketball,1,291,80,390
n02802426_10019.JPEG,333,500,basketball,194,246,247,299
n02802426_10027.JPEG,333,500,basketball,149,32,239,128
n02802426_10028.JPEG,611,404,basketball,283,104,315,138
n02802426_10037.JPEG,333,500,basketball,157,145,203,196
n02802426_10057.JPEG,333,500,basketball,106,52,154,98
n02802426_10067.JPEG,176,240,basketball,15,63,52,102
n02802426_10083.JPEG,331,500,basketball,99,58,138,94
n02802426_10092.JPEG,357,500,basketball,337,6,357,48
n02802426_1010.JPEG,336,500,basketball,187,22,240,79
n02802426_10100.JPEG,333,500,basketball,58,162,100,205
n02802426_10103.JPEG,375,500,basketball,48,145,83,182
n02802426_10109.JPEG,333,500,basketball,157,98,182,125
n02802426_10122.JPEG,500,375,basketball,196,61,219,84
n02802426_10126.JPEG,500,394,basketball,32,12,101,77
n02802426_10137.JPEG,333,500,basketball,41,29,102,92
n02802426_10139.JPEG,290,290,basketball,2,3,290,289
n02802426_1017.JPEG,333,500,basketball,178,25,231,79
n02802426_1018.JPEG,500,375,basketball,261,253,325,318
n02802426_10180.JPEG,333,500,basketball,284,11,333,62
n02802426_10199.JPEG,500,472,basketball,22,241,162,384
n02802426_10227.JPEG,450,245,basketball,10,7,441,245
n02802426_10238.JPEG,184,279,basketball,90,30,109,50
n02802426_10239.JPEG,333,500,basketball,144,59,177,91
n02802426_10243.JPEG,246,260,basketball,62,159,110,208
n02802426_10247.JPEG,357,500,basketball,200,1,266,29
n02802426_10258.JPEG,400,500,basketball,98,218,158,278
n02802426_10282.JPEG,270,360,basketball,102,208,178,284
n02802426_10289.JPEG,496,361,basketball,389,215,496,334
n02802426_10295.JPEG,333,500,basketball,49,16,94,59
n02802426_10314.JPEG,189,225,basketball,72,7,141,75
n02802426_10314.JPEG,189,225,basketball,45,89,70,116
n02802426_10327.JPEG,150,224,basketball,3,109,67,174
n02802426_10335.JPEG,333,500,basketball,11,149,59,198
n02802426_10337.JPEG,304,500,basketball,94,2,150,59
n02802426_10357.JPEG,466,448,basketball,29,164,91,222
n02802426_10366.JPEG,333,500,basketball,119,2,178,41
n02802426_10374.JPEG,333,500,basketball,2,246,62,330
n02802426_1038.JPEG,500,333,basketball,139,1,285,47
n02802426_10389.JPEG,300,233,basketball,70,171,114,215
n02802426_104.JPEG,500,459,basketball,84,266,190,371
n02802426_10404.JPEG,500,357,basketball,246,65,302,126
n02802426_10434.JPEG,333,500,basketball,133,91,171,127
n02802426_10437.JPEG,451,500,basketball,26,35,104,115
n02802426_10478.JPEG,300,300,basketball,8,8,289,292
n02802426_10479.JPEG,333,500,basketball,228,30,280,82
n02802426_10489.JPEG,333,500,basketball,87,196,139,247
n02802426_10537.JPEG,500,375,basketball,240,12,280,52
n02802426_10564.JPEG,333,500,basketball,234,163,295,225
n02802426_10565.JPEG,500,462,basketball,89,13,421,338
n02802426_10589.JPEG,278,400,basketball,93,82,239,229
n02802426_10594.JPEG,333,500,basketball,33,128,148,242
n02802426_10602.JPEG,500,375,basketball,328,155,350,178
n02802426_10604.JPEG,375,500,basketball,223,270,302,345
n02802426_10605.JPEG,328,500,basketball,56,237,256,441
n02802426_10605.JPEG,328,500,basketball,221,215,328,331
n02802426_10636.JPEG,346,500,basketball,206,247,271,309
n02802426_10639.JPEG,218,365,basketball,94,11,135,53
n02802426_1064.JPEG,333,500,basketball,78,163,141,227
n02802426_10645.JPEG,500,334,basketball,267,197,348,282
n02802426_10666.JPEG,333,500,basketball,79,246,148,316
n02802426_10676.JPEG,470,500,basketball,254,151,273,171
n02802426_10679.JPEG,500,445,basketball,196,32,278,117
n02802426_10692.JPEG,333,500,basketball,50,282,111,345
n02802426_10697.JPEG,500,333,basketball,297,132,472,272
n02802426_10699.JPEG,333,500,basketball,108,104,154,149
n02802426_10704.JPEG,333,500,basketball,57,262,121,326
n02802426_10707.JPEG,500,375,basketball,309,277,340,308
n02802426_1071.JPEG,500,375,basketball,121,156,152,185
n02802426_10710.JPEG,500,398,basketball,246,273,310,336
n02802426_1074.JPEG,500,437,basketball,220,106,405,295
n02802426_10746.JPEG,333,500,basketball,80,173,128,219
n02802426_10747.JPEG,333,500,basketball,232,235,296,300
n02802426_10760.JPEG,333,500,basketball,248,278,313,344
n02802426_10763.JPEG,500,375,basketball,216,147,316,249
n02802426_10773.JPEG,333,500,basketball,79,222,145,289
n02802426_10775.JPEG,333,500,basketball,221,126,264,170
n02802426_1080.JPEG,333,500,basketball,132,11,172,53
n02802426_10802.JPEG,500,375,basketball,262,292,300,333
n02802426_1081.JPEG,300,201,basketball,48,12,215,179
n02802426_10822.JPEG,530,782,basketball,231,3,297,70
n02802426_10826.JPEG,332,500,basketball,217,230,286,298
n02802426_10827.JPEG,640,480,basketball,204,108,453,359
n02802426_10842.JPEG,500,375,basketball,310,191,351,230
n02802426_10868.JPEG,300,386,basketball,156,226,203,270
n02802426_10877.JPEG,500,332,basketball,153,116,191,154
n02802426_10894.JPEG,536,800,basketball,67,628,310,800
n02802426_109.JPEG,337,450,basketball,94,298,186,395
n02802426_10910.JPEG,560,373,basketball,432,187,504,263
n02802426_1092.JPEG,333,500,basketball,3,293,56,350
n02802426_10945.JPEG,450,371,basketball,133,246,223,341
n02802426_10960.JPEG,500,309,basketball,202,19,221,40
n02802426_10984.JPEG,175,175,basketball,17,21,148,155
n02802426_10988.JPEG,160,160,basketball,4,4,157,157
n02802426_11090.JPEG,340,462,basketball,63,227,262,419
n02802426_11123.JPEG,269,400,basketball,198,268,254,323
n02802426_1113.JPEG,333,500,basketball,82,253,134,308
n02802426_11176.JPEG,150,274,basketball,59,137,119,197
n02802426_11185.JPEG,175,225,basketball,145,88,175,122
n02802426_11200.JPEG,310,400,basketball,92,211,156,274
n02802426_11239.JPEG,336,500,basketball,168,18,257,103
n02802426_11245.JPEG,333,500,basketball,145,25,187,59
n02802426_11258.JPEG,340,297,basketball,98,39,125,66
n02802426_11268.JPEG,333,500,basketball,163,13,233,85
n02802426_11286.JPEG,500,375,basketball,295,164,330,198
n02802426_1130.JPEG,333,500,basketball,148,233,199,284
n02802426_11310.JPEG,500,375,basketball,120,154,138,172
n02802426_11351.JPEG,150,250,basketball,11,65,129,183
n02802426_11356.JPEG,375,500,basketball,311,208,345,241
n02802426_11357.JPEG,500,333,basketball,327,160,355,187
n02802426_11392.JPEG,333,500,basketball,189,60,232,104
n02802426_11447.JPEG,500,333,basketball,130,223,218,312
n02802426_11452.JPEG,333,500,basketball,91,98,132,141
n02802426_11469.JPEG,293,500,basketball,189,13,242,67
n02802426_11472.JPEG,100,100,basketball,6,1,94,89
n02802426_11508.JPEG,500,375,basketball,255,143,271,159
n02802426_11521.JPEG,300,398,basketball,3,330,61,388
n02802426_1153.JPEG,300,300,basketball,27,27,272,274
n02802426_11538.JPEG,342,250,basketball,16,111,71,166
n02802426_1154.JPEG,273,500,basketball,103,1,155,53
n02802426_11561.JPEG,360,360,basketball,41,40,320,319
n02802426_11603.JPEG,640,480,basketball,55,17,527,480
n02802426_11607.JPEG,375,500,basketball,121,61,141,80
n02802426_11623.JPEG,360,360,basketball,20,20,340,340
n02802426_11650.JPEG,500,363,basketball,100,172,261,320
n02802426_11655.JPEG,333,500,basketball,74,196,155,281
n02802426_11666.JPEG,500,333,basketball,272,91,306,123
n02802426_11669.JPEG,352,500,basketball,145,202,186,242
n02802426_1167.JPEG,422,500,basketball,129,8,213,88
n02802426_11686.JPEG,500,375,basketball,138,311,183,356
n02802426_11698.JPEG,333,500,basketball,181,79,246,143
n02802426_117.JPEG,333,500,basketball,155,283,259,387
n02802426_11704.JPEG,500,375,basketball,75,222,97,245
n02802426_11709.JPEG,500,500,basketball,74,47,446,425
n02802426_11714.JPEG,500,357,basketball,161,210,206,257
n02802426_11717.JPEG,385,500,basketball,218,344,311,437
n02802426_11726.JPEG,335,500,basketball,135,40,164,77
n02802426_11742.JPEG,332,500,basketball,1,349,62,470
n02802426_1175.JPEG,500,333,basketball,154,22,177,44
n02802426_11763.JPEG,359,500,basketball,96,37,170,113
n02802426_11764.JPEG,333,500,basketball,205,7,248,49
n02802426_11771.JPEG,357,500,basketball,96,75,144,120
n02802426_11777.JPEG,333,500,basketball,158,242,209,293
n02802426_11793.JPEG,270,360,basketball,38,188,109,256
n02802426_11794.JPEG,333,500,basketball,233,4,293,66
n02802426_11797.JPEG,380,500,basketball,14,201,175,366
n02802426_11800.JPEG,300,400,basketball,83,4,147,67
n02802426_11811.JPEG,305,400,basketball,26,35,71,80
n02802426_11821.JPEG,333,500,basketball,151,220,206,277
n02802426_11822.JPEG,500,375,basketball,144,216,195,266
n02802426_11825.JPEG,333,500,basketball,128,341,178,392
n02802426_1183.JPEG,500,375,basketball,176,1,214,33
n02802426_11830.JPEG,500,375,basketball,231,175,260,206
n02802426_11842.JPEG,107,110,basketball,2,9,27,34
n02802426_11858.JPEG,334,500,basketball,203,300,240,337
n02802426_11860.JPEG,333,500,basketball,153,232,215,291
n02802426_11862.JPEG,1024,684,basketball,241,150,374,277
n02802426_1187.JPEG,400,271,basketball,288,98,395,207
n02802426_11871.JPEG,200,311,basketball,32,22,173,159
n02802426_11888.JPEG,500,500,basketball,316,137,454,276
n02802426_11890.JPEG,200,200,basketball,2,1,198,199
n02802426_11899.JPEG,500,357,basketball,144,218,187,262
n02802426_11903.JPEG,500,375,basketball,320,65,375,120
n02802426_11907.JPEG,587,409,basketball,144,259,205,320
n02802426_11913.JPEG,333,500,basketball,37,257,94,313
n02802426_11949.JPEG,350,527,basketball,250,345,305,401
n02802426_11950.JPEG,333,500,basketball,147,241,203,296
n02802426_11951.JPEG,283,425,basketball,104,49,136,83
n02802426_1196.JPEG,500,375,basketball,402,167,438,206
n02802426_11961.JPEG,500,457,basketball,38,264,320,457
n02802426_1197.JPEG,392,480,basketball,131,111,205,187
n02802426_11976.JPEG,200,200,basketball,4,3,199,199
n02802426_11992.JPEG,333,500,basketball,94,199,141,255
n02802426_12005.JPEG,333,500,basketball,104,34,220,154
n02802426_12007.JPEG,333,500,basketball,259,207,312,261
n02802426_12010.JPEG,500,375,basketball,316,73,363,119
n02802426_12025.JPEG,333,500,basketball,141,77,176,112
n02802426_12030.JPEG,333,500,basketball,106,107,167,166
n02802426_12060.JPEG,500,333,basketball,218,42,243,71
n02802426_12061.JPEG,100,104,basketball,5,4,100,99
n02802426_12062.JPEG,280,280,basketball,3,2,278,280
n02802426_12074.JPEG,333,500,basketball,238,158,273,195
n02802426_12087.JPEG,500,311,basketball,340,132,388,181
n02802426_12102.JPEG,310,500,basketball,125,12,187,78
n02802426_12108.JPEG,522,547,basketball,94,80,418,388
n02802426_12111.JPEG,331,500,basketball,155,55,191,91
n02802426_12130.JPEG,333,500,basketball,143,265,185,310
n02802426_12131.JPEG,500,333,basketball,370,95,434,159
n02802426_12153.JPEG,500,333,basketball,271,235,308,271
n02802426_12157.JPEG,500,500,basketball,221,181,244,205
n02802426_12161.JPEG,333,500,basketball,152,34,186,72
n02802426_12174.JPEG,333,500,basketball,176,180,232,236
n02802426_12175.JPEG,334,500,basketball,79,310,127,358
n02802426_12191.JPEG,333,500,basketball,63,247,123,305
n02802426_12220.JPEG,251,321,basketball,26,213,68,255
n02802426_12225.JPEG,280,280,basketball,229,210,280,266
n02802426_12228.JPEG,333,500,basketball,114,19,171,80
n02802426_12266.JPEG,333,500,basketball,12,198,66,247
n02802426_12272.JPEG,333,500,basketball,268,269,327,330
n02802426_12320.JPEG,500,375,basketball,92,60,115,85
n02802426_12338.JPEG,500,300,basketball,119,179,179,254
n02802426_12342.JPEG,300,300,basketball,31,30,271,271
n02802426_12367.JPEG,333,500,basketball,185,63,218,98
n02802426_12380.JPEG,333,500,basketball,194,209,259,279
n02802426_12386.JPEG,279,283,basketball,11,14,267,271
n02802426_12389.JPEG,333,500,basketball,218,329,271,382
n02802426_12391.JPEG,332,500,basketball,198,65,232,100
n02802426_1241.JPEG,333,500,basketball,41,247,106,310
n02802426_12413.JPEG,333,500,basketball,144,1,204,61
n02802426_12426.JPEG,500,375,basketball,275,96,295,116
n02802426_12427.JPEG,333,500,basketball,126,46,174,95
n02802426_12440.JPEG,500,375,basketball,278,192,304,218
n02802426_12461.JPEG,407,500,basketball,205,93,271,158
n02802426_12462.JPEG,332,500,basketball,114,254,179,319
n02802426_12463.JPEG,333,500,basketball,259,247,307,296
n02802426_12482.JPEG,300,369,basketball,124,204,181,259
n02802426_12482.JPEG,300,369,basketball,207,291,268,355
n02802426_12491.JPEG,333,500,basketball,178,205,239,266
n02802426_12499.JPEG,334,500,basketball,243,7,312,75
n02802426_1250.JPEG,500,316,basketball,22,98,123,198
n02802426_1250.JPEG,500,316,basketball,126,46,229,151
n02802426_1250.JPEG,500,316,basketball,313,63,415,164
n02802426_12500.JPEG,333,500,basketball,26,79,85,138
n02802426_12531.JPEG,333,500,basketball,5,159,75,229
n02802426_12535.JPEG,325,306,basketball,22,14,285,275
n02802426_12539.JPEG,500,375,basketball,212,152,256,197
n02802426_12560.JPEG,375,500,basketball,107,103,141,137
n02802426_12561.JPEG,334,500,basketball,43,159,91,212
n02802426_12565.JPEG,334,500,basketball,190,53,239,99
n02802426_12568.JPEG,500,333,basketball,157,122,199,164
n02802426_12571.JPEG,333,500,basketball,111,192,164,242
n02802426_126.JPEG,333,500,basketball,89,130,138,175
n02802426_1261.JPEG,200,150,basketball,96,104,130,137
n02802426_1290.JPEG,360,360,basketball,17,17,342,341
n02802426_131.JPEG,333,500,basketball,139,51,177,90
n02802426_1317.JPEG,333,500,basketball,160,74,201,114
n02802426_1318.JPEG,333,500,basketball,33,238,76,282
n02802426_1320.JPEG,500,334,basketball,180,263,217,300
n02802426_1330.JPEG,333,500,basketball,174,77,212,116
n02802426_1340.JPEG,300,310,basketball,8,11,289,291
n02802426_1348.JPEG,450,340,basketball,89,35,353,304
n02802426_1351.JPEG,333,500,basketball,25,295,71,344
n02802426_1352.JPEG,333,500,basketball,65,60,166,166
n02802426_1377.JPEG,375,500,basketball,64,266,102,305
n02802426_1377.JPEG,375,500,basketball,121,202,166,248
n02802426_1390.JPEG,333,500,basketball,198,86,253,138
n02802426_1403.JPEG,333,500,basketball,111,154,167,209
n02802426_141.JPEG,182,181,basketball,72,74,165,168
n02802426_1413.JPEG,500,375,basketball,193,151,230,191
n02802426_1417.JPEG,500,375,basketball,250,156,266,173
n02802426_1424.JPEG,333,500,basketball,155,217,216,278
n02802426_1461.JPEG,332,500,basketball,126,102,166,142
n02802426_1462.JPEG,340,340,basketball,62,9,125,72
n02802426_1481.JPEG,333,500,basketball,167,1,211,50
n02802426_1488.JPEG,500,375,basketball,194,47,240,96
n02802426_1500.JPEG,500,332,basketball,283,182,319,218
n02802426_1505.JPEG,225,225,basketball,5,6,219,220
n02802426_1527.JPEG,500,312,basketball,218,214,268,263
n02802426_1528.JPEG,290,290,basketball,2,4,286,286
n02802426_155.JPEG,381,500,basketball,190,66,220,96
n02802426_1557.JPEG,375,500,basketball,84,1,187,106
n02802426_1583.JPEG,350,349,basketball,2,1,349,349
n02802426_1609.JPEG,333,500,basketball,157,13,201,60
n02802426_1654.JPEG,333,500,basketball,49,165,104,218
n02802426_167.JPEG,333,500,basketball,240,366,305,431
n02802426_1677.JPEG,333,500,basketball,215,77,250,110
n02802426_1694.JPEG,333,500,basketball,110,335,184,407
n02802426_1700.JPEG,500,375,basketball,182,92,219,131
n02802426_1708.JPEG,200,200,basketball,3,1,200,199
n02802426_1721.JPEG,331,500,basketball,31,80,79,132
n02802426_173.JPEG,500,333,basketball,37,155,110,224
n02802426_1744.JPEG,600,437,basketball,167,111,320,264
n02802426_1753.JPEG,500,333,basketball,255,150,271,168
n02802426_1755.JPEG,500,375,basketball,315,23,351,52
n02802426_1777.JPEG,333,500,basketball,260,184,317,241
n02802426_1793.JPEG,400,399,basketball,7,4,394,392
n02802426_1805.JPEG,500,276,basketball,239,91,295,146
n02802426_1808.JPEG,146,166,basketball,1,10,146,155
n02802426_1821.JPEG,357,500,basketball,50,33,94,81
n02802426_1829.JPEG,270,360,basketball,63,200,112,250
n02802426_1830.JPEG,333,500,basketball,179,53,223,102
n02802426_1834.JPEG,500,333,basketball,230,7,266,42
n02802426_1839.JPEG,357,500,basketball,108,332,168,396
n02802426_1840.JPEG,333,500,basketball,219,154,275,209
n02802426_1848.JPEG,358,500,basketball,129,264,190,326
n02802426_1863.JPEG,401,500,basketball,55,7,237,202
n02802426_1869.JPEG,200,200,basketball,8,8,194,194
n02802426_1884.JPEG,299,299,basketball,127,122,240,237
n02802426_1898.JPEG,333,500,basketball,69,36,132,99
n02802426_1917.JPEG,357,500,basketball,64,24,123,81
n02802426_1919.JPEG,350,350,basketball,46,46,304,306
n02802426_1928.JPEG,267,400,basketball,51,32,244,228
n02802426_1929.JPEG,333,500,basketball,253,272,309,329
n02802426_1958.JPEG,367,500,basketball,92,182,156,245
n02802426_1987.JPEG,367,500,basketball,165,339,281,453
n02802426_200.JPEG,245,500,basketball,79,49,135,103
n02802426_2013.JPEG,198,200,basketball,5,5,193,194
n02802426_2034.JPEG,500,333,basketball,125,46,156,79
n02802426_2035.JPEG,500,350,basketball,16,15,265,254
n02802426_2101.JPEG,500,375,basketball,171,117,206,153
n02802426_2110.JPEG,231,240,basketball,156,19,182,47
n02802426_2127.JPEG,500,333,basketball,324,203,380,259
n02802426_213.JPEG,438,500,basketball,250,219,310,284
n02802426_214.JPEG,333,500,basketball,65,42,116,93
n02802426_2192.JPEG,300,300,basketball,4,1,298,300
n02802426_2194.JPEG,332,500,basketball,139,13,190,66
n02802426_22.JPEG,333,500,basketball,151,1,205,46
n02802426_2207.JPEG,333,500,basketball,84,221,140,277
n02802426_2218.JPEG,290,290,basketball,2,1,288,290
n02802426_2223.JPEG,333,500,basketball,186,225,246,280
n02802426_223.JPEG,333,500,basketball,179,44,209,76
n02802426_225.JPEG,400,300,basketball,67,8,337,282
n02802426_227.JPEG,370,500,basketball,125,327,222,428
n02802426_2287.JPEG,500,334,basketball,230,79,268,117
n02802426_2306.JPEG,400,300,basketball,86,93,237,237
n02802426_2369.JPEG,333,500,basketball,26,192,79,246
n02802426_237.JPEG,500,345,basketball,241,108,284,143
n02802426_2388.JPEG,600,603,basketball,13,9,589,592
n02802426_2411.JPEG,333,500,basketball,174,192,229,249
n02802426_2417.JPEG,333,500,basketball,214,98,243,125
n02802426_2418.JPEG,334,500,basketball,228,191,273,236
n02802426_2443.JPEG,407,285,basketball,51,225,154,285
n02802426_2457.JPEG,375,500,basketball,262,147,306,193
n02802426_2459.JPEG,357,500,basketball,91,231,146,288
n02802426_2480.JPEG,197,202,basketball,78,19,126,73
n02802426_2488.JPEG,333,500,basketball,55,170,110,227
n02802426_2496.JPEG,400,555,basketball,248,324,357,431
n02802426_25.JPEG,500,387,basketball,224,58,248,81
n02802426_2535.JPEG,333,500,basketball,109,322,171,381
n02802426_2540.JPEG,333,500,basketball,53,147,156,253
n02802426_2545.JPEG,333,500,basketball,225,237,328,330
n02802426_2550.JPEG,333,500,basketball,33,53,84,101
n02802426_2551.JPEG,375,500,basketball,133,92,175,133
n02802426_2586.JPEG,150,200,basketball,15,52,134,172
n02802426_2587.JPEG,333,500,basketball,124,97,185,160
n02802426_2589.JPEG,495,500,basketball,31,20,141,126
n02802426_2593.JPEG,333,500,basketball,295,366,333,427
n02802426_261.JPEG,333,500,basketball,149,198,203,253
n02802426_2642.JPEG,333,500,basketball,204,116,254,164
n02802426_2653.JPEG,300,300,basketball,91,92,266,268
n02802426_267.JPEG,332,500,basketball,87,104,125,143
n02802426_2692.JPEG,333,500,basketball,14,384,80,448
n02802426_273.JPEG,250,250,basketball,31,35,210,215
n02802426_2731.JPEG,150,200,basketball,6,118,63,177
n02802426_2735.JPEG,500,375,basketball,175,158,192,175
n02802426_2742.JPEG,333,500,basketball,48,100,115,173
n02802426_2744.JPEG,500,420,basketball,96,142,163,210
n02802426_2751.JPEG,339,288,basketball,22,8,286,279
n02802426_276.JPEG,389,500,basketball,1,224,48,288
n02802426_2761.JPEG,333,500,basketball,207,71,240,103
n02802426_2783.JPEG,333,500,basketball,66,27,121,83
n02802426_2813.JPEG,357,500,basketball,171,17,209,51
n02802426_2874.JPEG,335,500,basketball,81,2,126,42
n02802426_2904.JPEG,468,311,basketball,131,25,170,68
n02802426_2910.JPEG,333,500,basketball,68,164,135,231
n02802426_294.JPEG,133,135,basketball,1,1,133,134
n02802426_2942.JPEG,200,204,basketball,11,10,187,187
n02802426_2959.JPEG,500,333,basketball,303,24,399,120
n02802426_296.JPEG,500,333,basketball,60,29,293,255
n02802426_296.JPEG,500,333,basketball,71,257,290,331
n02802426_2966.JPEG,1024,1024,basketball,436,53,535,162
n02802426_2976.JPEG,500,333,basketball,105,113,137,147
n02802426_2979.JPEG,333,500,basketball,26,213,90,278
n02802426_298.JPEG,333,500,basketball,159,105,223,168
n02802426_3004.JPEG,201,200,basketball,10,8,194,195
n02802426_3005.JPEG,287,500,basketball,171,8,224,60
n02802426_3044.JPEG,200,200,basketball,21,22,177,179
n02802426_3046.JPEG,500,734,basketball,40,404,186,554
n02802426_3053.JPEG,491,300,basketball,365,96,393,124
n02802426_3059.JPEG,400,660,basketball,25,399,66,438
n02802426_3073.JPEG,200,200,basketball,7,124,40,155
n02802426_3096.JPEG,300,234,basketball,253,163,287,195
n02802426_312.JPEG,250,250,basketball,14,9,236,234
n02802426_3140.JPEG,194,242,basketball,16,22,194,240
n02802426_3147.JPEG,528,350,basketball,128,19,176,67
n02802426_315.JPEG,500,333,basketball,183,186,241,243
n02802426_3180.JPEG,500,333,basketball,237,73,257,92
n02802426_3186.JPEG,450,454,basketball,1,2,449,451
n02802426_3199.JPEG,360,500,basketball,184,119,235,168
n02802426_32.JPEG,500,375,basketball,81,77,102,96
n02802426_3203.JPEG,333,500,basketball,212,218,280,285
n02802426_3222.JPEG,333,500,basketball,57,352,121,416
n02802426_3233.JPEG,333,500,basketball,207,152,251,193
n02802426_3240.JPEG,460,320,basketball,75,108,123,155
n02802426_3242.JPEG,300,407,basketball,68,242,213,387
n02802426_3243.JPEG,400,247,basketball,192,33,259,103
n02802426_3257.JPEG,333,500,basketball,30,212,81,261
n02802426_3262.JPEG,500,333,basketball,265,179,291,203
n02802426_3272.JPEG,333,500,basketball,139,337,200,393
n02802426_3282.JPEG,333,500,basketball,234,163,305,234
n02802426_3286.JPEG,324,388,basketball,20,92,114,191
n02802426_329.JPEG,333,500,basketball,40,55,93,108
n02802426_3291.JPEG,316,500,basketball,156,128,189,160
n02802426_331.JPEG,334,500,basketball,199,297,240,347
n02802426_3323.JPEG,372,525,basketball,218,32,305,127
n02802426_3331.JPEG,200,150,basketball,56,87,88,121
n02802426_3357.JPEG,333,500,basketball,141,209,185,249
n02802426_336.JPEG,332,500,basketball,102,207,176,282
n02802426_3381.JPEG,333,500,basketball,234,294,287,347
n02802426_3385.JPEG,333,500,basketball,152,1,205,53
n02802426_3388.JPEG,250,250,basketball,7,8,240,242
n02802426_340.JPEG,337,500,basketball,249,197,306,261
n02802426_3458.JPEG,334,500,basketball,19,287,207,471
n02802426_3458.JPEG,334,500,basketball,250,23,278,48
n02802426_3482.JPEG,270,282,basketball,130,119,270,266
n02802426_3524.JPEG,333,500,basketball,100,74,143,116
n02802426_3532.JPEG,333,500,basketball,46,253,118,324
n02802426_3543.JPEG,180,288,basketball,1,109,40,173
n02802426_355.JPEG,340,336,basketball,144,87,252,194
n02802426_3550.JPEG,360,360,basketball,18,14,349,344
n02802426_3551.JPEG,400,600,basketball,28,36,117,130
n02802426_3552.JPEG,333,500,basketball,85,156,129,202
n02802426_3564.JPEG,468,311,basketball,376,143,432,201
n02802426_3566.JPEG,300,394,basketball,60,162,115,216
n02802426_3569.JPEG,384,500,basketball,154,233,247,326
n02802426_3573.JPEG,333,500,basketball,116,335,184,410
n02802426_3630.JPEG,357,500,basketball,135,229,196,293
n02802426_3653.JPEG,370,491,basketball,31,241,137,345
n02802426_3655.JPEG,342,500,basketball,92,232,259,399
n02802426_3672.JPEG,100,100,basketball,2,2,98,98
n02802426_3679.JPEG,329,500,basketball,18,54,109,165
n02802426_3704.JPEG,250,250,basketball,7,4,246,250
n02802426_3723.JPEG,640,480,basketball,124,31,532,443
n02802426_3724.JPEG,332,500,basketball,149,221,169,241
n02802426_3727.JPEG,700,700,basketball,82,72,623,614
n02802426_3739.JPEG,333,500,basketball,209,299,263,356
n02802426_3745.JPEG,334,500,basketball,111,66,275,239
n02802426_3755.JPEG,324,500,basketball,97,98,135,134
n02802426_3759.JPEG,550,484,basketball,2,7,177,207
n02802426_3774.JPEG,365,512,basketball,212,160,279,228
n02802426_3782.JPEG,500,333,basketball,207,168,290,256
n02802426_3787.JPEG,333,500,basketball,180,41,239,105
n02802426_3798.JPEG,333,500,basketball,34,73,84,125
n02802426_3831.JPEG,270,180,basketball,17,30,128,142
n02802426_3851.JPEG,500,333,basketball,139,186,166,212
n02802426_3855.JPEG,333,500,basketball,244,210,297,266
n02802426_3863.JPEG,333,500,basketball,45,187,90,234
n02802426_3881.JPEG,333,500,basketball,34,350,91,409
n02802426_3884.JPEG,248,373,basketball,62,15,111,66
n02802426_3890.JPEG,500,333,basketball,192,279,223,313
n02802426_3890.JPEG,500,333,basketball,271,280,304,313
n02802426_3897.JPEG,150,180,basketball,115,103,150,167
n02802426_3899.JPEG,500,333,basketball,335,37,391,96
n02802426_390.JPEG,333,500,basketball,90,148,110,169
n02802426_3919.JPEG,500,333,basketball,226,114,493,333
n02802426_3945.JPEG,397,360,basketball,143,22,210,87
n02802426_3985.JPEG,412,500,basketball,93,203,174,286
n02802426_3988.JPEG,500,357,basketball,346,157,393,203
n02802426_3995.JPEG,324,500,basketball,91,110,142,162
n02802426_4000.JPEG,500,333,basketball,207,112,232,134
n02802426_4003.JPEG,333,500,basketball,238,65,291,119
n02802426_4007.JPEG,300,449,basketball,60,274,121,332
n02802426_4019.JPEG,333,500,basketball,204,60,256,110
n02802426_4028.JPEG,500,354,basketball,426,86,472,131
n02802426_4031.JPEG,333,500,basketball,180,229,310,361
n02802426_4040.JPEG,500,397,basketball,419,184,481,247
n02802426_4042.JPEG,333,500,basketball,15,321,72,375
n02802426_4052.JPEG,500,375,basketball,344,214,371,237
n02802426_4062.JPEG,640,480,basketball,244,75,445,275
n02802426_4066.JPEG,800,573,basketball,405,7,460,66
n02802426_4068.JPEG,500,375,basketball,51,178,72,198
n02802426_4090.JPEG,500,357,basketball,362,81,392,112
n02802426_4101.JPEG,500,357,basketball,263,27,300,65
n02802426_412.JPEG,1493,2011,basketball,1018,1076,1212,1283
n02802426_4120.JPEG,624,484,basketball,269,174,363,269
n02802426_4129.JPEG,333,500,basketball,55,172,96,212
n02802426_4140.JPEG,200,150,basketball,41,102,78,138
n02802426_4144.JPEG,333,500,basketball,156,44,209,93
n02802426_4147.JPEG,333,500,basketball,191,314,324,454
n02802426_415.JPEG,333,500,basketball,89,182,141,237
n02802426_417.JPEG,333,500,basketball,212,264,267,317
n02802426_4187.JPEG,333,500,basketball,148,60,193,102
n02802426_4197.JPEG,333,500,basketball,141,18,187,66
n02802426_4198.JPEG,450,381,basketball,403,141,426,166
n02802426_4198.JPEG,450,381,basketball,38,140,58,160
n02802426_4201.JPEG,500,333,basketball,178,2,207,26
n02802426_4206.JPEG,500,401,basketball,253,185,291,227
n02802426_4219.JPEG,333,500,basketball,199,92,244,131
n02802426_4220.JPEG,500,357,basketball,283,233,323,275
n02802426_4224.JPEG,500,375,basketball,216,115,246,143
n02802426_4230.JPEG,500,375,basketball,230,52,278,101
n02802426_4235.JPEG,500,333,basketball,271,97,296,123
n02802426_4237.JPEG,333,500,basketball,57,224,116,286
n02802426_4256.JPEG,500,333,basketball,207,35,245,75
n02802426_4281.JPEG,500,338,basketball,186,236,238,289
n02802426_43.JPEG,333,500,basketball,204,260,303,365
n02802426_4305.JPEG,332,500,basketball,157,179,221,244
n02802426_4309.JPEG,334,500,basketball,121,228,179,287
n02802426_431.JPEG,384,256,basketball,237,169,290,221
n02802426_4317.JPEG,500,375,basketball,40,199,76,237
n02802426_4318.JPEG,500,375,basketball,243,9,278,45
n02802426_433.JPEG,400,300,basketball,7,153,92,236
n02802426_4331.JPEG,500,375,basketball,295,44,318,67
n02802426_4332.JPEG,955,636,basketball,444,13,585,152
n02802426_4345.JPEG,306,310,basketball,2,4,306,309
n02802426_4347.JPEG,500,375,basketball,162,295,201,330
n02802426_4353.JPEG,333,500,basketball,30,361,78,414
n02802426_4370.JPEG,500,375,basketball,314,197,330,215
n02802426_4373.JPEG,333,500,basketball,184,153,262,231
n02802426_4379.JPEG,500,375,basketball,179,278,218,317
n02802426_440.JPEG,160,160,basketball,87,75,146,138
n02802426_4413.JPEG,246,365,basketball,73,31,104,65
n02802426_4429.JPEG,632,1024,basketball,428,7,505,75
n02802426_4456.JPEG,500,375,basketball,125,80,125,81
n02802426_4456.JPEG,500,375,basketball,103,6,386,284
n02802426_4460.JPEG,500,375,basketball,447,60,480,95
n02802426_4462.JPEG,500,375,basketball,57,22,110,74
n02802426_4468.JPEG,500,334,basketball,224,81,300,154
n02802426_4468.JPEG,500,334,basketball,100,84,144,126
n02802426_4468.JPEG,500,334,basketball,365,84,442,160
n02802426_4468.JPEG,500,334,basketball,361,248,419,303
n02802426_4468.JPEG,500,334,basketball,208,253,273,321
n02802426_4468.JPEG,500,334,basketball,27,232,114,320
n02802426_4475.JPEG,333,500,basketball,106,236,162,297
n02802426_4483.JPEG,357,500,basketball,74,314,128,370
n02802426_4491.JPEG,329,500,basketball,14,289,49,323
n02802426_4493.JPEG,333,500,basketball,112,109,140,136
n02802426_4496.JPEG,500,334,basketball,49,37,96,85
n02802426_450.JPEG,502,750,basketball,333,439,471,578
n02802426_4507.JPEG,500,333,basketball,154,152,179,178
n02802426_4510.JPEG,500,375,basketball,232,120,252,140
n02802426_4555.JPEG,333,500,basketball,47,263,91,309
n02802426_4560.JPEG,375,500,basketball,19,268,83,337
n02802426_4600.JPEG,324,500,basketball,82,1,164,61
n02802426_4601.JPEG,333,500,basketball,255,210,318,274
n02802426_4608.JPEG,391,393,basketball,5,6,388,386
n02802426_462.JPEG,333,500,basketball,76,154,152,230
n02802426_4623.JPEG,500,375,basketball,79,325,127,368
n02802426_4633.JPEG,333,500,basketball,220,44,256,79
n02802426_4636.JPEG,500,333,basketball,220,141,269,190
n02802426_4670.JPEG,160,196,basketball,95,115,115,139
n02802426_4693.JPEG,314,500,basketball,230,35,293,96
n02802426_4695.JPEG,224,227,basketball,6,7,219,221
n02802426_4696.JPEG,500,375,basketball,396,195,434,235
n02802426_4698.JPEG,333,500,basketball,149,135,227,213
n02802426_4711.JPEG,500,322,basketball,126,202,226,302
n02802426_4714.JPEG,375,500,basketball,195,164,262,226
n02802426_4732.JPEG,500,312,basketball,296,29,391,118
n02802426_4766.JPEG,283,500,basketball,195,98,244,151
n02802426_4777.JPEG,333,500,basketball,133,59,198,127
n02802426_4824.JPEG,400,300,basketball,42,5,124,93
n02802426_487.JPEG,1878,1878,basketball,634,1313,1056,1738
n02802426_4879.JPEG,300,437,basketball,89,262,151,326
n02802426_4892.JPEG,357,360,basketball,4,1,354,355
n02802426_4907.JPEG,684,1024,basketball,432,46,597,215
n02802426_4910.JPEG,500,376,basketball,326,35,362,71
n02802426_4918.JPEG,206,202,basketball,2,1,205,201
n02802426_4923.JPEG,333,500,basketball,159,45,207,91
n02802426_4934.JPEG,179,179,basketball,57,38,139,121
n02802426_4937.JPEG,316,400,basketball,124,1,230,106
n02802426_4972.JPEG,333,500,basketball,97,3,145,51
n02802426_4977.JPEG,333,500,basketball,104,35,156,87
n02802426_4978.JPEG,357,500,basketball,78,110,123,158
n02802426_4991.JPEG,357,500,basketball,253,61,307,118
n02802426_4993.JPEG,333,500,basketball,103,155,168,217
n02802426_4997.JPEG,333,500,basketball,132,183,186,239
n02802426_5016.JPEG,333,500,basketball,183,41,220,82
n02802426_5058.JPEG,333,500,basketball,179,7,220,46
n02802426_5072.JPEG,794,540,basketball,374,104,617,335
n02802426_5093.JPEG,333,500,basketball,211,59,272,118
n02802426_5093.JPEG,333,500,basketball,69,133,126,191
n02802426_5097.JPEG,500,457,basketball,255,79,294,122
n02802426_5133.JPEG,297,443,basketball,187,138,239,190
n02802426_514.JPEG,260,260,basketball,13,12,246,246
n02802426_5159.JPEG,300,356,basketball,25,81,91,145
n02802426_5160.JPEG,399,500,basketball,9,256,151,413
n02802426_517.JPEG,333,500,basketball,166,121,214,171
n02802426_5189.JPEG,333,500,basketball,59,315,100,358
n02802426_5221.JPEG,333,500,basketball,74,166,133,222
n02802426_5241.JPEG,333,500,basketball,117,164,179,229
n02802426_5284.JPEG,333,500,basketball,127,9,174,65
n02802426_5293.JPEG,333,500,basketball,218,1,276,47
n02802426_5297.JPEG,333,500,basketball,52,99,158,209
n02802426_530.JPEG,362,500,basketball,201,222,254,278
n02802426_5317.JPEG,347,500,basketball,106,272,200,362
n02802426_5328.JPEG,495,500,basketball,132,12,213,93
n02802426_5346.JPEG,333,500,basketball,106,88,145,129
n02802426_5352.JPEG,400,400,basketball,72,70,331,327
n02802426_5377.JPEG,500,281,basketball,239,148,323,231
n02802426_538.JPEG,500,333,basketball,370,266,426,321
n02802426_5395.JPEG,354,450,basketball,182,235,301,350
n02802426_5402.JPEG,198,263,basketball,48,148,143,239
n02802426_5454.JPEG,333,500,basketball,213,49,249,86
n02802426_549.JPEG,333,500,basketball,70,83,108,125
n02802426_5527.JPEG,200,227,basketball,38,63,71,95
n02802426_5541.JPEG,500,333,basketball,264,122,346,201
n02802426_5552.JPEG,333,500,basketball,135,227,201,293
n02802426_5556.JPEG,500,333,basketball,269,156,307,190
n02802426_5572.JPEG,333,500,basketball,51,273,148,373
n02802426_5594.JPEG,382,381,basketball,3,2,381,376
n02802426_5619.JPEG,290,290,basketball,71,2,91,23
n02802426_5632.JPEG,294,300,basketball,3,1,291,300
n02802426_5634.JPEG,357,500,basketball,77,79,128,130
n02802426_5638.JPEG,700,525,basketball,104,9,603,506
n02802426_5658.JPEG,500,333,basketball,227,205,312,284
n02802426_5666.JPEG,333,500,basketball,93,80,142,127
n02802426_5759.JPEG,333,500,basketball,89,102,116,127
n02802426_5769.JPEG,500,353,basketball,86,76,132,124
n02802426_5786.JPEG,357,500,basketball,244,154,298,209
n02802426_5788.JPEG,364,500,basketball,285,200,341,256
n02802426_580.JPEG,500,332,basketball,193,173,257,237
n02802426_582.JPEG,250,288,basketball,20,59,232,270
n02802426_583.JPEG,333,500,basketball,128,49,168,92
n02802426_5847.JPEG,333,500,basketball,201,198,259,254
n02802426_5853.JPEG,458,307,basketball,186,20,208,43
n02802426_5884.JPEG,500,333,basketball,142,225,166,252
n02802426_5927.JPEG,500,353,basketball,168,140,201,178
n02802426_5932.JPEG,500,333,basketball,239,23,420,164
n02802426_5952.JPEG,283,500,basketball,36,46,149,160
n02802426_5998.JPEG,250,250,basketball,17,17,234,232
n02802426_60.JPEG,375,500,basketball,19,356,83,418
n02802426_6017.JPEG,247,250,basketball,3,3,243,245
n02802426_6030.JPEG,500,333,basketball,82,151,245,298
n02802426_605.JPEG,500,500,basketball,21,17,481,486
n02802426_6060.JPEG,333,500,basketball,269,233,329,292
n02802426_6102.JPEG,333,500,basketball,96,252,157,316
n02802426_6122.JPEG,150,225,basketball,90,140,149,203
n02802426_6130.JPEG,332,500,basketball,163,54,199,91
n02802426_6134.JPEG,333,500,basketball,152,96,206,157
n02802426_6146.JPEG,480,360,basketball,316,274,347,305
n02802426_6147.JPEG,500,333,basketball,104,6,426,328
n02802426_6151.JPEG,327,500,basketball,115,69,188,137
n02802426_6159.JPEG,500,333,basketball,215,113,242,147
n02802426_6164.JPEG,333,500,basketball,76,170,120,214
n02802426_6170.JPEG,333,500,basketball,242,28,287,75
n02802426_6173.JPEG,333,500,basketball,69,87,121,138
n02802426_618.JPEG,333,500,basketball,180,188,242,256
n02802426_6209.JPEG,365,410,basketball,89,206,188,303
n02802426_6215.JPEG,333,500,basketball,181,200,230,246
n02802426_6237.JPEG,357,500,basketball,200,18,249,67
n02802426_6240.JPEG,333,500,basketball,161,207,211,258
n02802426_6247.JPEG,333,500,basketball,115,177,169,227
n02802426_6256.JPEG,300,331,basketball,63,20,118,78
n02802426_6258.JPEG,375,500,basketball,347,173,375,210
n02802426_6278.JPEG,333,500,basketball,162,16,216,69
n02802426_6279.JPEG,138,200,basketball,15,55,123,165
n02802426_6315.JPEG,500,333,basketball,114,150,148,180
n02802426_6349.JPEG,500,375,basketball,134,11,226,113
n02802426_6357.JPEG,326,500,basketball,63,115,137,190
n02802426_6414.JPEG,333,500,basketball,113,2,170,42
n02802426_6440.JPEG,333,500,basketball,28,418,84,481
n02802426_646.JPEG,500,375,basketball,229,203,258,235
n02802426_6466.JPEG,260,300,basketball,67,116,104,154
n02802426_6473.JPEG,337,500,basketball,111,209,157,259
n02802426_649.JPEG,378,500,basketball,77,311,142,374
n02802426_6490.JPEG,400,400,basketball,32,32,366,368
n02802426_655.JPEG,333,500,basketball,64,128,125,188
n02802426_6560.JPEG,500,333,basketball,127,163,141,180
n02802426_6562.JPEG,300,300,basketball,97,1,225,108
n02802426_6611.JPEG,333,500,basketball,136,57,176,97
n02802426_6618.JPEG,500,281,basketball,132,57,266,201
n02802426_6631.JPEG,500,333,basketball,176,2,477,284
n02802426_6669.JPEG,500,500,basketball,33,276,150,404
n02802426_6686.JPEG,500,375,basketball,217,176,245,206
n02802426_6691.JPEG,333,500,basketball,86,217,143,274
n02802426_6704.JPEG,400,400,basketball,35,37,366,371
n02802426_6710.JPEG,333,500,basketball,115,205,171,260
n02802426_6738.JPEG,284,500,basketball,134,42,194,100
n02802426_6741.JPEG,500,375,basketball,188,5,224,43
n02802426_6746.JPEG,368,525,basketball,143,91,225,175
n02802426_6750.JPEG,500,375,basketball,183,247,206,265
n02802426_6753.JPEG,333,500,basketball,138,78,181,120
n02802426_6773.JPEG,500,395,basketball,125,84,442,395
n02802426_6778.JPEG,333,500,basketball,201,298,302,398
n02802426_6783.JPEG,335,500,basketball,146,27,216,94
n02802426_6807.JPEG,333,500,basketball,185,91,290,200
n02802426_681.JPEG,500,374,basketball,162,44,183,66
n02802426_6810.JPEG,333,500,basketball,5,293,59,347
n02802426_6837.JPEG,335,500,basketball,123,193,190,261
n02802426_6853.JPEG,500,333,basketball,277,156,324,211
n02802426_686.JPEG,500,375,basketball,221,162,268,206
n02802426_6872.JPEG,500,462,basketball,137,126,230,217
n02802426_6878.JPEG,333,500,basketball,89,205,146,264
n02802426_6882.JPEG,468,326,basketball,225,6,257,38
n02802426_6884.JPEG,600,391,basketball,417,184,467,233
n02802426_6888.JPEG,334,500,basketball,182,291,307,413
n02802426_6892.JPEG,333,500,basketball,180,186,228,239
n02802426_690.JPEG,500,453,basketball,291,1,334,27
n02802426_6911.JPEG,256,192,basketball,88,29,112,56
n02802426_6915.JPEG,333,500,basketball,173,1,221,30
n02802426_6920.JPEG,400,300,basketball,182,93,315,224
n02802426_6924.JPEG,333,500,basketball,40,120,94,172
n02802426_6935.JPEG,400,400,basketball,32,33,367,366
n02802426_6938.JPEG,100,100,basketball,9,10,91,90
n02802426_6958.JPEG,300,432,basketball,196,235,259,300
n02802426_6962.JPEG,400,300,basketball,42,40,146,141
n02802426_6980.JPEG,333,500,basketball,175,256,212,291
n02802426_6992.JPEG,800,673,basketball,245,21,302,80
n02802426_6996.JPEG,333,500,basketball,107,300,179,369
n02802426_70.JPEG,333,500,basketball,159,333,211,381
n02802426_7003.JPEG,357,500,basketball,123,280,207,365
n02802426_7005.JPEG,300,455,basketball,20,152,76,205
n02802426_7044.JPEG,333,500,basketball,66,275,100,308
n02802426_7053.JPEG,333,500,basketball,216,142,281,206
n02802426_7056.JPEG,333,500,basketball,220,156,271,205
n02802426_7068.JPEG,240,320,basketball,102,131,226,256
n02802426_7074.JPEG,289,432,basketball,209,197,256,244
n02802426_7078.JPEG,403,500,basketball,280,207,342,266
n02802426_7084.JPEG,500,281,basketball,116,125,166,174
n02802426_71.JPEG,188,235,basketball,73,17,104,48
n02802426_7100.JPEG,500,333,basketball,328,126,500,332
n02802426_7102.JPEG,250,256,basketball,12,18,232,237
n02802426_7109.JPEG,360,360,basketball,14,13,344,344
n02802426_7132.JPEG,333,500,basketball,130,225,199,290
n02802426_7165.JPEG,500,333,basketball,17,13,174,171
n02802426_7199.JPEG,500,332,basketball,202,10,249,57
n02802426_7203.JPEG,333,500,basketball,47,74,109,139
n02802426_7208.JPEG,333,500,basketball,50,27,108,86
n02802426_7218.JPEG,500,375,basketball,160,246,197,282
